Set Name,Cycle,Time(ms),ZTip Displacement(um),ZBase Displacement(um),Current Size (um),ZForce(uN),XTip Displacement(um),XBase Displacement(um),XForce(uN),Temperature (°C)
Data1,1-Compress,0,0.375,0,226.725,-11.3424,0.375,-0,-11.3424,37.1
Data1,1-Compress,200,-0.375,0,227.475,2.26848,-0.375,-0,14.3671,37.1
Data1,1-Compress,400,0.375,1,226.725,12.8547,0.375,-0,-11.3424,37.1
Data1,1-Compress,600,0.5,2.5,226.6,42.345,-0.375,-0,11.3424,37.1
Data1,1-Compress,800,0.625,3.5,226.475,74.86,-0.375,0.1,11.3424,37.1
Data1,1-Compress,1000,1.375,4.6,225.725,91.4955,-0.375,-0,11.3424,37.1
Data1,1-Compress,1200,1.5,4,225.6,78.6408,0.375,0.1,-11.3424,37.1
Data1,1-Compress,1400,1.5,4.4,225.6,78.6408,-0.375,-0,11.3424,37.1
Data1,1-Compress,1600,1.625,5.9,225.475,111.156,-0.375,-0,11.3424,37
Data1,1-Compress,1800,1.625,6.9,225.475,147.452,-0.5,-0,15.1232,37
Data1,1-Compress,2000,2.375,8,224.725,167.112,-0.375,-0,11.3424,37
Data1,1-Compress,2200,2.5,7.5,224.6,151.232,-0.375,-0,14.3671,37
Data1,1-Compress,2400,2.375,7.6,224.725,158.038,-0.375,-0,11.3424,37
Data1,1-Compress,2600,2.5,9,224.6,181.479,-0.5,-0,15.1232,37
Data1,1-Compress,2800,3.5,10.3,223.6,190.553,0.375,-0,-11.3424,37
Data1,1-Compress,3000,3.375,10.1,223.725,197.358,-0.375,-0,14.3671,37
Data1,1-Compress,3200,3.375,10.8,223.725,215.506,-0.375,0.1,14.3671,37
Data1,1-Compress,3400,3.5,12.5,223.6,260.12,-0.375,-0,14.3671,37
Data1,1-Compress,3600,4.375,13.8,222.725,269.95,-0.375,-0,11.3424,37
Data1,1-Compress,3800,4.375,13.9,222.725,297.171,-0.375,-0,11.3424,37
Data1,1-Compress,4000,3.625,13.6,223.475,301.708,-0.375,0.1,11.3424,37
Data1,1-Compress,4200,4.5,15.1,222.6,305.489,-0.375,-0,14.3671,37
Data1,1-Compress,4400,4.5,16.4,222.6,347.834,-0.5,0.1,15.1232,37
Data1,1-Compress,4600,5.375,17.5,221.725,351.615,-0.25,-0,10.5863,37
Data1,1-Compress,4800,5.375,17.6,221.725,381.862,-0.375,-0,11.3424,37
Data1,1-Compress,5000,5.375,17.4,221.725,363.714,-0.375,0.1,11.3424,37
Data1,1-Compress,5200,5.375,18.2,221.725,378.837,-0.375,-0,11.3424,37
Data1,1-Compress,5400,5.5,19.5,221.6,408.327,-0.5,-0,18.1479,37
Data1,1-Compress,5600,6.5,21,220.6,420.426,-0.5,0.1,18.1479,37
Data1,1-Compress,5800,6.375,20.7,220.725,436.305,0.375,-0,-11.3424,37
Data1,1-Compress,6000,6.375,21.2,220.725,439.33,-0.375,-0,14.3671,37
Data1,1-Compress,6200,6.5,22.1,220.6,462.771,-0.5,0.1,15.1232,37
Data1,1-Compress,6400,6.625,23.5,220.475,498.31,-0.375,-0,11.3424,37
Data1,1-Compress,6600,7.375,24.2,219.725,508.897,-0.375,-0,11.3424,37
Data1,1-Compress,6800,6.5,24.5,220.6,532.338,-0.5,-0,15.1232,37
Data1,1-Compress,7000,7.5,26.1,219.6,544.436,-0.5,0.1,18.1479,37
Data1,1-Compress,7200,7.5,27.2,219.6,586.781,-0.5,0.1,15.1232,37
Data1,1-Compress,7400,8.5,28.5,218.6,592.831,-0.5,0.1,18.1479,37
Data1,1-Compress,7600,8.5,28.2,218.6,595.855,-0.5,-0,18.1479,37
Data1,1-Compress,7800,8.5,28.6,218.6,598.88,-0.5,0.1,18.1479,37
Data1,1-Compress,8000,8.5,29.7,218.6,629.126,-0.5,-0,18.1479,37
Data1,1-Compress,8200,8.5,31,218.6,665.422,-0.5,0.1,18.1479,37
Data1,1-Compress,8400,9.5,31.7,217.6,674.496,-0.5,-0,15.1232,37
Data1,1-Compress,8600,9.5,31.4,217.6,662.398,0.5,0.1,-12.0986,37
Data1,1-Compress,8800,9.5,31.8,217.6,665.422,-0.5,-0,18.1479,37
Data1,1-Compress,9000,9.5,33,217.6,695.669,-0.5,0.1,18.1479,37
Data1,1-Compress,9200,9.625,34.5,217.475,737.258,-0.5,0.1,15.1232,37
Data1,1-Compress,9400,10.5,35.6,216.6,759.186,-0.5,0.1,18.1479,37
Data1,1-Compress,9600,10.5,35.8,216.6,756.162,-0.5,0.1,18.1479,37
Data1,1-Compress,9800,10.5,37.1,216.6,795.482,-0.5,0.1,18.1479,37
Data1,1-Compress,10000,11.5,38.3,215.6,795.482,-0.5,0.1,15.1232,37
Data1,1-Compress,10200,11.375,38.5,215.725,820.435,-0.5,0.1,18.1479,37
Data1,1-Compress,10400,11.375,38.5,215.725,820.435,-0.375,0.1,14.3671,37
Data1,1-Compress,10600,11.5,39.2,215.6,828.753,-0.5,0.1,18.1479,37
Data1,1-Compress,10800,11.5,40.5,215.6,865.049,-0.5,0.1,15.1232,37
Data1,1-Compress,11000,12.5,42,214.6,877.147,-0.5,0.1,18.1479,37
Data1,1-Compress,11200,12.5,42.2,214.6,904.369,-0.5,0.1,18.1479,37
Data1,1-Compress,11400,12.5,42.6,214.6,901.345,-0.5,0.1,18.1479,37
Data1,1-Compress,11600,12.5,44,214.6,940.665,-0.5,0.1,18.1479,37
Data1,1-Compress,11800,13.375,45.3,213.725,947.47,-0.5,0.1,18.1479,37
Data1,1-Compress,12000,13.5,45.3,213.6,961.837,-0.5,0.1,18.1479,37
Data1,1-Compress,12200,13.5,45,213.6,958.813,-0.5,0.1,18.1479,37
Data1,1-Compress,12400,13.375,46.4,213.725,980.742,-0.375,0.1,14.3671,37
Data1,1-Compress,12600,13.625,47.7,213.475,1012.5,-0.375,0.1,14.3671,37
Data1,1-Compress,12800,14.5,49.1,212.6,1034.43,-0.5,-0,18.1479,37
Data1,1-Compress,13000,14.5,50.1,212.6,1076.77,-0.5,0.1,18.1479,37
Data1,1-Compress,13200,14.5,50,212.6,1073.75,-0.5,0.1,18.1479,37
Data1,1-Compress,13400,14.5,51.4,212.6,1104,-0.5,0.1,18.1479,37.1
Data1,1-Compress,13600,15.5,52.7,211.6,1107.02,-0.5,0.1,18.1479,37.1
Data1,1-Compress,13800,15.25,52.3,211.85,1123.66,-0.5,0.1,18.1479,37.1
Data1,1-Compress,14000,14.625,52.1,212.475,1133.49,-0.375,0.1,14.3671,37.1
Data1,1-Compress,14200,15.375,53.3,211.725,1125.92,-0.5,0.1,18.1479,37.1
Data1,1-Compress,14400,15.625,54.7,211.475,1163.73,-0.625,0.1,21.9287,37.1
Data1,1-Compress,14600,16.375,56.1,210.725,1186.42,-0.375,0.1,14.3671,37.1
Data1,1-Compress,14800,16.5,55.6,210.6,1185.66,-0.5,0.1,18.1479,37.1
Data1,1-Compress,15000,16.375,55.9,210.725,1186.42,-0.5,0.1,18.1479,37.1
Data1,1-Compress,15200,16.5,57.5,210.6,1224.98,-0.375,0.1,14.3671,37.1
Data1,1-Compress,15400,16.5,58.9,210.6,1270.35,-0.5,0.1,18.1479,37.1
Data1,1-Compress,15600,17.375,59.5,209.725,1277.16,-0.5,0.1,18.1479,37.1
Data1,1-Compress,15800,17.375,60,209.725,1277.16,-0.5,0.1,18.1479,37.1
Data1,1-Compress,16000,17.5,61.2,209.6,1312.7,-0.5,0.1,18.1479,37.1
Data1,1-Compress,16200,18.5,62.5,208.6,1318.75,-0.5,0.1,18.1479,37.1
Data1,1-Compress,16400,17.5,62,209.6,1352.02,-0.5,0.1,18.1479,37.1
Data1,1-Compress,16600,18.25,62.3,208.85,1320.26,-0.5,0.1,18.1479,37.1
Data1,1-Compress,16800,18.5,63.7,208.6,1355.04,-0.5,0.1,18.1479,37.1
Data1,1-Compress,17000,18.5,65,208.6,1391.34,-0.5,0.1,18.1479,37.1
Data1,1-Compress,17200,19.5,65.9,207.6,1394.36,-0.5,0.1,18.1479,37.1
Data1,1-Compress,17400,19.375,66.4,207.725,1431.41,-0.375,0.1,14.3671,37.1
Data1,1-Compress,17600,19.5,66.6,207.6,1415.53,-0.5,0.1,18.1479,37.1
Data1,1-Compress,17800,19.5,68,207.6,1454.85,-0.5,0.1,18.1479,37.1
Data1,1-Compress,18000,19.5,69,207.6,1485.1,-0.5,0.1,18.1479,37.1
Data1,1-Compress,18200,20.5,69.8,206.6,1494.18,-0.5,0.1,18.1479,37.1
Data1,1-Compress,18400,19.625,69.4,207.475,1508.54,-0.5,0.1,18.1479,37.1
Data1,1-Compress,18600,20.5,70.5,206.6,1494.18,-0.5,0.1,18.1479,37.1
Data1,1-Compress,18800,20.5,71.8,206.6,1542.57,-0.5,0.1,18.1479,37.1
Data1,1-Compress,19000,21.5,73.2,205.6,1551.64,-0.5,0.1,18.1479,37.1
Data1,1-Compress,19200,21.5,73.6,205.6,1584.91,-0.5,0.1,18.1479,37.1
Data1,1-Compress,19400,21.375,73.8,205.725,1579.62,-0.5,0.1,18.1479,37.1
Data1,1-Compress,19600,21.5,75,205.6,1606.09,-0.5,0.1,18.1479,37
Data1,1-Compress,19800,21.5,76,205.6,1636.33,-0.5,0.1,18.1479,37
Data1,1-Hold,20000,22.5,76.8,204.6,1642.38,-0.5,0.1,18.1479,37
Data1,1-Hold,20200,22.5,76.6,204.6,1636.33,-0.5,0.1,18.1479,37
Data1,1-Hold,20400,22.375,76.9,204.725,1643.14,-0.625,0.1,21.9287,37
Data1,1-Hold,20600,22.5,77.9,204.6,1657.51,-0.625,0.1,21.9287,37
Data1,1-Hold,20800,22.625,78.4,204.475,1683.97,-0.5,0.1,18.1479,37
Data1,1-Hold,21000,22.625,78.2,204.475,1690.02,-0.5,0.1,18.1479,37
Data1,1-Hold,21200,22.375,77.8,204.725,1679.43,-0.5,0.1,18.1479,37
Data1,1-Hold,21400,22.5,77.7,204.6,1672.63,-0.625,0.1,21.9287,37
Data1,1-Hold,21600,22.5,77.9,204.6,1669.6,-0.5,0.1,18.1479,37
Data1,1-Hold,21800,22.5,78,204.6,1678.68,-0.5,0.1,18.1479,37
Data1,1-Hold,22000,22.5,77.7,204.6,1663.56,-0.5,0.1,18.1479,37
Data1,1-Hold,22200,22.625,77.9,204.475,1668.85,-0.5,0.1,18.1479,37
Data1,1-Hold,22400,22.5,77.5,204.6,1669.6,-0.5,0.1,18.1479,37
Data1,1-Hold,22600,22.375,77.1,204.725,1658.26,-0.625,0.1,21.9287,37
Data1,1-Hold,22800,22.5,77.8,204.6,1660.53,-0.375,0.1,14.3671,37
Data1,1-Hold,23000,22.625,78.1,204.475,1683.97,-0.5,0.1,18.1479,37
Data1,1-Hold,23200,22.625,77.7,204.475,1668.85,-0.625,0.1,21.9287,37
Data1,1-Hold,23400,22.375,77.4,204.725,1667.34,-0.375,0.1,14.3671,37
Data1,1-Hold,23600,22.5,77,204.6,1651.46,-0.5,0.1,18.1479,37
Data1,1-Hold,23800,22.375,76.7,204.725,1643.14,-0.625,0.1,21.9287,37
Data1,1-Hold,24000,22.5,76.7,204.6,1639.36,-0.375,0.1,14.3671,37
Data1,1-Hold,24200,22.375,77,204.725,1652.21,-0.5,0.1,18.1479,37
Data1,1-Hold,24400,22.375,77.4,204.725,1667.34,-0.625,0.1,21.9287,37
Data1,1-Hold,24600,22.5,77.9,204.6,1666.58,-0.5,0.1,18.1479,37
Data1,1-Hold,24800,22.5,77.7,204.6,1669.6,-0.5,0.1,18.1479,37
Data1,1-Recover,25000,22.5,77.7,204.6,1669.6,-0.5,0.1,18.1479,36.9
Data1,1-Recover,25200,22.625,77.6,204.475,1668.85,-0.5,0.1,18.1479,36.9
Data1,1-Recover,25400,22.5,76.4,204.6,1642.38,-0.5,0.1,18.1479,36.9
Data1,1-Recover,25600,21.5,75.3,205.6,1639.36,-0.5,0.1,18.1479,36.9
Data1,1-Recover,25800,21.5,74.7,205.6,1609.11,-0.5,0.1,18.1479,36.9
Data1,1-Recover,26000,21.625,74.1,205.475,1593.23,-0.625,0.1,21.9287,36.9
Data1,1-Recover,26200,21.5,73.2,205.6,1572.82,-0.5,0.1,18.1479,36.9
Data1,1-Recover,26400,20.5,72.1,206.6,1572.82,-0.5,0.1,18.1479,36.9
Data1,1-Recover,26600,20.5,71.3,206.6,1539.54,-0.5,0.1,18.1479,36.9
Data1,1-Recover,26800,20.5,71,206.6,1536.52,-0.375,0.1,14.3671,36.9
Data1,1-Recover,27000,20.5,70.3,206.6,1512.32,0.5,0.1,-12.0986,36.9
Data1,1-Recover,27200,20.375,69.2,206.725,1488.88,-0.375,0.1,14.3671,36.9
Data1,1-Recover,27400,19.5,68,207.6,1479.05,-0.5,0.1,18.1479,36.9
Data1,1-Recover,27600,19.5,67.6,207.6,1457.88,-0.5,0.1,18.1479,36.9
Data1,1-Recover,27800,19.5,67,207.6,1445.78,-0.5,0.1,18.1479,36.9
Data1,1-Recover,28000,19.5,66.1,207.6,1418.56,-0.5,0.1,18.1479,36.8
Data1,1-Recover,28200,18.625,64.9,208.475,1411.75,-0.375,-0,14.3671,36.8
Data1,1-Recover,28400,18.625,64,208.475,1375.46,-0.625,0.1,21.9287,36.8
Data1,1-Recover,28600,18.5,63.4,208.6,1364.12,-0.5,0.1,18.1479,36.8
Data1,1-Recover,28800,18.375,62.7,208.725,1349.75,-0.375,0.1,14.3671,36.8
Data1,1-Recover,29000,17.5,61.7,209.6,1348.99,-0.5,0.1,18.1479,36.8
Data1,1-Recover,29200,17.5,61.2,209.6,1324.8,-0.5,0.1,18.1479,36.7
Data1,1-Recover,29400,17.625,60.9,209.475,1314.96,-0.375,0.1,14.3671,36.7
Data1,1-Recover,29600,17.5,60.2,209.6,1300.6,-0.5,0.1,18.1479,36.7
Data1,1-Recover,29800,17.5,59.3,209.6,1273.38,-0.5,0.1,18.1479,36.7
Data1,1-Recover,30000,16.625,58.1,210.475,1266.57,-0.375,0.1,14.3671,36.7
Data1,1-Recover,30200,16.5,57.1,210.6,1234.06,-0.5,0.1,18.1479,36.7
Data1,1-Recover,30400,16.5,56.6,210.6,1218.93,-0.375,0.1,14.3671,36.7
Data1,1-Recover,30600,15.625,55.9,211.475,1227.25,-0.5,0.1,18.1479,36.7
Data1,1-Recover,30800,15.5,55,211.6,1203.81,-0.5,0.1,18.1479,36.7
Data1,1-Recover,31000,15.5,54.5,211.6,1179.61,-0.5,0.1,18.1479,36.7
Data1,1-Recover,31200,15.5,54.2,211.6,1176.59,-0.5,0.1,18.1479,36.6
Data1,1-Recover,31400,15.5,53.6,211.6,1158.44,-0.5,0.1,18.1479,36.6
Data1,1-Recover,31600,15.375,52.6,211.725,1135,-0.375,0.1,14.3671,36.6
Data1,1-Recover,31800,14.625,51.4,212.475,1124.41,-0.375,0.1,14.3671,36.6
Data1,1-Recover,32000,14.5,50.9,212.6,1107.02,-0.375,0.1,14.3671,36.6
Data1,1-Recover,32200,14.5,50.3,212.6,1088.87,-0.375,0.1,14.3671,36.6
Data1,1-Recover,32400,14.5,49.3,212.6,1061.65,-0.5,0.1,18.1479,36.6
Data1,1-Recover,32600,14.375,48.2,212.725,1035.19,0.375,0.1,-8.31778,36.6
Data1,1-Recover,32800,13.5,47.1,213.6,1022.33,-0.5,0.1,18.1479,36.6
Data1,1-Recover,33000,13.5,46.5,213.6,1007.21,-0.5,0.1,18.1479,36.6
Data1,1-Recover,33200,13.5,45.8,213.6,983.01,-0.5,0.1,18.1479,36.6
Data1,1-Recover,33400,12.5,44.7,214.6,986.035,-0.5,0.1,18.1479,36.5
Data1,1-Recover,33600,12.5,44.1,214.6,955.788,-0.375,0.1,14.3671,36.5
Data1,1-Recover,33800,12.625,44,214.475,952.007,-0.375,0.1,14.3671,36.5
Data1,1-Recover,34000,12.5,43.3,214.6,937.64,-0.375,0.1,14.3671,36.5
Data1,1-Recover,34200,12.375,42.4,214.725,917.224,-0.375,0.1,14.3671,36.5
Data1,1-Recover,34400,11.75,41.3,215.35,905.882,-0.375,0.1,14.3671,36.5
Data1,1-Recover,34600,11.5,40.4,215.6,880.172,-0.5,0.1,18.1479,36.5
Data1,1-Recover,34800,11.5,40,215.6,868.073,-0.5,0.1,18.1479,36.5
Data1,1-Recover,35000,11.5,39.2,215.6,846.901,0.5,0.1,-12.0986,36.5
Data1,1-Recover,35200,11.375,38.1,215.725,820.435,0.375,0.1,-8.31778,36.5
Data1,1-Recover,35400,10.625,37.1,216.475,806.824,-0.375,0.1,14.3671,36.4
Data1,1-Recover,35600,10.625,36.8,216.475,797.75,-0.375,0.1,14.3671,36.4
Data1,1-Recover,35800,10.375,36.1,216.725,787.164,-0.375,0.1,14.3671,36.4
Data1,1-Recover,36000,10.375,35.2,216.725,759.942,0.375,0.1,-8.31778,36.4
Data1,1-Recover,36200,10.375,34.1,216.725,729.696,0.5,0.1,-12.0986,36.4
Data1,1-Recover,36400,9.5,32.9,217.6,716.841,0.5,0.1,-12.0986,36.4
Data1,1-Recover,36600,9.5,32.3,217.6,695.669,-0.375,0.1,14.3671,36.4
Data1,1-Recover,36800,9.375,31.5,217.725,678.277,0.375,0.1,-8.31778,36.4
Data1,1-Recover,37000,8.5,30.7,218.6,677.521,-0.5,0.1,18.1479,36.4
Data1,1-Recover,37200,8.5,30,218.6,653.324,-0.375,0.1,14.3671,36.4
Data1,1-Recover,37400,8.5,29.9,218.6,650.299,0.375,0.1,-8.31778,36.4
Data1,1-Recover,37600,8.5,29.2,218.6,632.151,-0.375,0.1,14.3671,36.4
Data1,1-Recover,37800,8.375,28.2,218.725,611.735,0.375,-0,-8.31778,36.4
Data1,1-Recover,38000,8.375,27.3,218.725,578.464,0.375,0.1,-8.31778,36.4
Data1,1-Recover,38200,7.5,26.5,219.6,589.806,-0.375,0.1,14.3671,36.4
Data1,1-Recover,38400,7.625,25.8,219.475,555.779,0.375,0.1,-8.31778,36.4
Data1,1-Recover,38600,7.375,25,219.725,542.168,0.375,0.1,-8.31778,36.4
Data1,1-Recover,38800,7.375,24.1,219.725,511.921,0.375,0.1,-8.31778,36.4
Data1,1-Recover,39000,6.625,24.1,220.475,528.557,-0.375,0.1,14.3671,36.4
Data1,1-Recover,39200,6.625,23.5,220.475,519.483,-0.375,0.1,14.3671,36.4
Data1,1-Recover,39400,6.625,22.6,220.475,492.261,0.375,0.1,-8.31778,36.4
Data1,1-Recover,39600,6.5,21.5,220.6,465.796,0.375,0.1,-8.31778,36.4
Data1,1-Recover,39800,5.625,20.6,221.475,458.99,-0.375,0.1,14.3671,36.4
Data1,1-Recover,40000,5.625,20.2,221.475,446.891,0.375,0.1,-8.31778,36.4
Data1,1-Recover,40200,5.5,19.5,221.6,432.524,-0.375,0.1,14.3671,36.4
Data1,1-Recover,40400,5.5,18.7,221.6,408.327,0.375,0.1,-8.31778,36.4
Data1,1-Recover,40600,5.375,17.6,221.725,381.862,0.375,0.1,-8.31778,36.4
Data1,1-Recover,40800,4.625,16.6,222.475,368.251,0.375,0.1,-8.31778,36.4
Data1,1-Recover,41000,4.375,16.2,222.725,363.714,0.375,0.1,-8.31778,36.4
Data1,1-Recover,41200,4.375,15.5,222.725,345.566,0.375,0.1,-8.31778,36.4
Data1,1-Recover,41400,3.625,14.7,223.475,344.054,-0.375,0.1,14.3671,36.4
Data1,1-Recover,41600,3.625,14.2,223.475,319.856,-0.375,0.1,14.3671,36.4
Data1,1-Recover,41800,3.625,13.8,223.475,310.782,-0.375,0.1,14.3671,36.4
Data1,1-Recover,42000,3.625,13.1,223.475,295.659,0.375,0.1,-8.31778,36.4
Data1,1-Recover,42200,3.375,12.2,223.725,275.999,0.375,0.1,-8.31778,36.4
Data1,1-Recover,42400,2.625,11.2,224.475,271.462,0.375,0.1,-8.31778,36.4
Data1,1-Recover,42600,2.5,10.5,224.6,244.996,0.375,0.1,-8.31778,36.4
Data1,1-Recover,42800,2.5,10,224.6,232.898,0.375,0.1,-8.31778,36.4
Data1,1-Recover,43000,2.375,9.2,224.725,215.506,0.375,0.1,-8.31778,36.4
Data1,1-Recover,43200,1.625,8.4,225.475,213.994,0.375,0.1,-8.31778,36.4
Data1,1-Recover,43400,1.625,7.8,225.475,186.772,0.375,0.1,-8.31778,36.4
Data1,1-Recover,43600,1.5,7.4,225.6,184.503,0.375,0.1,-8.31778,36.4
Data1,1-Recover,43800,1.625,6.9,225.475,165.599,0.375,0.1,-8.31778,36.4
Data1,1-Recover,44000,1.375,6,225.725,148.964,0.375,0.1,-8.31778,36.4
Data1,1-Recover,44200,0.625,5.1,226.475,144.427,0.375,0.1,-8.31778,36.4
Data1,1-Recover,44400,0.5,4.4,226.6,120.986,0.5,0.1,-12.0986,36.4
Data1,1-Recover,44600,0.5,3.9,226.6,108.887,0.375,0.1,-8.31778,36.4
Data1,1-Recover,44800,0.5,3.2,226.6,87.7147,0.375,0.1,-8.31778,36.4
Data1,1-Compress,45000,-0.375,2.2,227.475,77.8846,0.375,0.1,-8.31778,36.4
Data1,1-Compress,45200,0.5,2.7,226.6,54.4436,0.5,0.1,-12.0986,36.4
Data1,1-Compress,45400,0.5,3.8,226.6,84.6901,0.5,0.1,-12.0986,36.4
Data1,1-Compress,45600,0.5,5.2,226.6,124.01,0.5,0.1,-12.0986,36.4
Data1,1-Compress,45800,1.375,6.9,225.725,151.988,0.375,0.1,-8.31778,36.4
Data1,1-Compress,46000,1.5,8.1,225.6,184.503,0.5,0.1,-12.0986,36.5
Data1,1-Compress,46200,2.375,9.7,224.725,203.407,0.375,0.1,-8.31778,36.5
Data1,1-Compress,46400,2.5,10.9,224.6,244.996,0.375,0.1,-8.31778,36.5
Data1,1-Compress,46600,3.25,12.6,223.85,264.657,0.375,0.1,-8.31778,36.5
Data1,1-Compress,46800,3.5,14.2,223.6,314.563,0.375,0.1,-8.31778,36.5
Data1,1-Compress,47000,4.375,15.9,222.725,330.443,0.375,0.1,-8.31778,36.5
Data1,1-Compress,47200,4.375,17.4,222.725,384.886,0.375,0.1,-8.31778,36.5
Data1,1-Compress,47400,4.5,18.8,222.6,414.377,-0.375,0.1,14.3671,36.5
Data1,1-Compress,47600,5.375,20.7,221.725,442.355,-0.375,0.1,14.3671,36.5
Data1,1-Compress,47800,5.5,22.3,221.6,489.993,-0.375,0.1,14.3671,36.5
Data1,1-Compress,48000,6.375,24.1,220.725,517.971,-0.375,0.1,14.3671,36.5
Data1,1-Compress,48200,6.375,25.4,220.725,563.34,-0.375,0.1,14.3671,36.5
Data1,1-Compress,48400,6.75,26.9,220.35,597.368,0.375,0.1,-8.31778,36.5
Data1,1-Compress,48600,7.5,28.7,219.6,623.077,-0.375,0.1,14.3671,36.5
Data1,1-Compress,48800,7.625,30.3,219.475,667.691,-0.375,0.1,14.3671,36.5
Data1,1-Compress,49000,8.5,32.1,218.6,698.693,0.375,0.1,-8.31778,36.5
Data1,1-Compress,49200,8.625,33.6,218.475,740.282,-0.375,0.1,14.3671,36.6
Data1,1-Compress,49400,9.5,35.4,217.6,765.235,0.375,0.1,-8.31778,36.6
Data1,1-Compress,49600,9.5,36.7,217.6,804.556,-0.5,0.1,18.1479,36.6
Data1,1-Compress,49800,10.375,38.3,216.725,829.509,-0.375,0.1,14.3671,36.6
Data1,1-Compress,50000,10.5,39.8,216.6,871.098,-0.375,0.1,14.3671,36.6
Data1,1-Compress,50200,11.375,41.5,215.725,893.027,0.25,0.1,-4.53697,36.6
Data1,1-Compress,50400,11.5,42.9,215.6,937.64,-0.375,0.1,14.3671,36.6
Data1,1-Compress,50600,11.625,44.4,215.475,973.18,-0.375,0.1,14.3671,36.6
Data1,1-Compress,50800,12.5,46.3,214.6,1001.16,-0.375,0.1,14.3671,36.6
Data1,1-Compress,51000,12.625,47.6,214.475,1042.75,-0.375,0.1,14.3671,36.6
Data1,1-Compress,51200,13.375,49.4,213.725,1074.51,-0.375,0.1,14.3671,36.6
Data1,1-Compress,51400,13.5,50.4,213.6,1104,-0.375,0.1,14.3671,36.6
Data1,1-Compress,51600,14.375,52.1,212.725,1122.9,-0.375,0.1,14.3671,36.6
Data1,1-Compress,51800,14.5,53.8,212.6,1173.56,-0.5,0.1,18.1479,36.6
Data1,1-Compress,52000,15.375,55.6,211.725,1195.49,-0.375,0.1,14.3671,36.6
Data1,1-Compress,52200,15.5,57.2,211.6,1249.18,-0.375,0.1,14.3671,36.6
Data1,1-Compress,52400,15.5,58.9,211.6,1294.55,-0.5,0.1,18.1479,36.6
Data1,1-Compress,52600,16.5,60.8,210.6,1324.8,-0.5,0.1,18.1479,36.6
Data1,1-Compress,52800,17.375,62.3,209.725,1340.67,-0.375,0.1,14.3671,36.6
Data1,1-Compress,53000,17.5,63.7,209.6,1388.31,-0.375,0.1,14.3671,36.6
Data1,1-Compress,53200,17.625,64.8,209.475,1411.75,-0.375,0.1,14.3671,36.6
Data1,1-Compress,53400,17.5,66.7,209.6,1466.95,-0.5,0.1,18.1479,36.6
Data1,1-Compress,53600,18.625,68.9,208.475,1499.47,-0.375,0.1,14.3671,36.6
Data1,1-Compress,53800,19.5,70.5,207.6,1524.42,-0.5,0.1,18.1479,36.6
Data1,1-Compress,54000,19.5,71.8,207.6,1572.82,-0.375,0.1,14.3671,36.6
Data1,1-Compress,54200,20.375,73.6,206.725,1591.72,-0.375,0.1,14.3671,36.6
Data1,1-Compress,54400,20.5,75.1,206.6,1642.38,-0.5,0.1,18.1479,36.6
Data1,1-Compress,54600,21.5,76.6,205.6,1651.46,-0.375,0.1,14.3671,36.6
Data1,1-Compress,54800,21.5,78.2,205.6,1699.85,-0.5,0.1,18.1479,36.6
Data1,1-Compress,55000,21.5,79.6,205.6,1739.17,-0.5,0.1,18.1479,36.6
Data1,1-Compress,55200,22.5,81.3,204.6,1760.34,-0.5,0.1,18.1479,36.6
Data1,1-Compress,55400,22.5,82.4,204.6,1799.66,-0.375,0.1,14.3671,36.6
Data1,1-Compress,55600,23.375,84.3,203.725,1821.59,-0.375,0.1,14.3671,36.6
Data1,1-Compress,55800,23.5,85.6,203.6,1869.23,-0.5,0.1,18.1479,36.6
Data1,1-Compress,56000,24.375,87.3,202.725,1885.11,-0.375,0.1,14.3671,36.6
Data1,1-Compress,56200,24.5,88.9,202.6,1935.77,-0.5,0.1,18.1479,36.6
Data1,1-Compress,56400,24.5,90.4,202.6,1975.09,-0.5,0.1,18.1479,36.6
Data1,1-Compress,56600,25.375,91.5,201.725,1990.97,-0.375,0.1,14.3671,36.6
Data1,1-Compress,56800,25.625,92.8,201.475,2016.68,-0.5,0.1,18.1479,36.6
Data1,1-Compress,57000,26.375,94.6,200.725,2042.39,-0.5,0.1,18.1479,36.6
Data1,1-Compress,57200,26.75,96.3,200.35,2088.52,-0.5,0.1,18.1479,36.6
Data1,1-Compress,57400,27.5,97.8,199.6,2114.23,-0.5,0.1,18.1479,36.6
Data1,1-Compress,57600,27.625,99.1,199.475,2146.74,-0.5,0.1,18.1479,36.6
Data1,1-Compress,57800,28.375,100.7,198.725,2172.45,-0.5,0.1,18.1479,36.6
Data1,1-Compress,58000,28.5,102.2,198.6,2220.09,-0.5,0.1,18.1479,36.6
Data1,1-Compress,58200,28.5,103.8,198.6,2259.41,-0.5,0.1,18.1479,36.6
Data1,1-Compress,58400,29.5,105.5,197.6,2283.61,-0.625,0.1,21.9287,36.6
Data1,1-Compress,58600,29.5,106.7,197.6,2319.9,-0.625,0.1,21.9287,36.6
Data1,1-Compress,58800,30.5,108.6,196.6,2341.08,-0.5,0.1,18.1479,36.6
Data1,1-Compress,59000,30.5,110,196.6,2389.47,-1.25,0.1,40.8327,36.6
Data1,1-Compress,59200,31.5,111.8,195.6,2407.62,-0.625,0.1,21.9287,36.6
Data1,1-Compress,59400,31.5,113.1,195.6,2459.04,-1.375,0.1,44.6135,36.6
Data1,1-Compress,59600,32.5,114.7,194.6,2468.11,-0.5,0.1,18.1479,36.6
Data1,1-Compress,59800,32.5,116.3,194.6,2516.51,-0.5,0.1,18.1479,36.6
Data1,1-Compress,60000,32.5,117.6,194.6,2555.83,-0.5,0.1,18.1479,36.6
Data1,1-Compress,60200,33.5,119.5,193.6,2580.02,-1.375,0.1,44.6135,36.6
Data1,1-Compress,60400,34.375,120.7,192.725,2601.95,-0.625,0.1,21.9287,36.6
Data1,1-Compress,60600,34.5,122.3,192.6,2640.52,-0.5,0.1,18.1479,36.6
Data1,1-Compress,60800,34.625,123.5,192.475,2673.03,-1.375,0.1,44.6135,36.6
Data1,1-Compress,61000,35.375,125.3,191.725,2701.77,-0.625,0.1,21.9287,36.6
Data1,1-Compress,61200,35.5,127,191.6,2755.45,-1.375,0.1,44.6135,36.6
Data1,1-Compress,61400,36.375,128.5,190.725,2771.33,-0.625,0.1,21.9287,36.6
Data1,1-Compress,61600,36.625,130.3,190.475,2818.21,-1.375,0.1,44.6135,36.6
Data1,1-Compress,61800,36.5,131.6,190.6,2861.32,-1.375,0.1,44.6135,36.6
Data1,1-Compress,62000,37.5,133.2,189.6,2879.46,-1.5,0.1,48.3943,36.7
Data1,1-Compress,62200,37.5,134.2,189.6,2915.76,-1.375,0.1,44.6135,36.7
Data1,1-Compress,62400,38.375,136,188.725,2931.64,-1.5,0.1,48.3943,36.7
Data1,1-Compress,62600,38.5,137.4,188.6,2973.23,-1.5,0.1,48.3943,36.7
Data1,1-Compress,62800,39.375,139.1,187.725,2998.18,-1.375,0.1,44.6135,36.7
Data1,1-Compress,63000,39.625,140.7,187.475,3048.09,-1.5,0.1,48.3943,36.7
Data1,1-Compress,63200,40.375,142.3,186.725,3064.72,-1.375,0.1,44.6135,36.7
Data1,1-Compress,63400,40.5,143.7,186.6,3112.36,-1.5,0.1,48.3943,36.7
Data1,1-Compress,63600,41.375,145.1,185.725,3119.17,-1.375,0.1,44.6135,36.7
Data1,1-Compress,63800,41.5,146.9,185.6,3169.83,-1.5,0.1,48.3943,36.7
Data1,1-Compress,64000,42.375,148.3,184.725,3185.71,-1.5,0.1,48.3943,36.7
Data1,1-Compress,64200,42.375,149.1,184.725,3218.98,-1.5,0.1,48.3943,36.7
Data1,1-Compress,64400,42.625,150.4,184.475,3250.74,-1.375,0.1,44.6135,36.7
Data1,1-Compress,64600,42.625,152.2,184.475,3296.11,-1.5,0.1,48.3943,36.7
Data1,1-Compress,64800,43.5,153.4,183.6,3315.01,-1.625,0.1,52.1751,36.7
Data1,1-Hold,65000,43.5,154.9,183.6,3369.46,-1.5,0.1,48.3943,36.6
Data1,1-Hold,65200,44.375,155,182.725,3349.04,-1.5,0.1,48.3943,36.6
Data1,1-Hold,65400,43.625,154.4,183.475,3356.6,-1.5,0.1,48.3943,36.6
Data1,1-Hold,65600,43.5,154.1,183.6,3345.26,-1.375,0.1,44.6135,36.6
Data1,1-Hold,65800,43.625,153.7,183.475,3335.43,-1.625,0.1,52.1751,36.6
Data1,1-Hold,66000,43.5,153.3,183.6,3327.11,-1.5,0.1,48.3943,36.6
Data1,1-Hold,66200,43.375,153.1,183.725,3318.79,-1.375,0.1,44.6135,36.6
Data1,1-Hold,66400,43.5,153.1,183.6,3315.01,-1.375,0.2,50.6628,36.6
Data1,1-Hold,66600,43.5,152.7,183.6,3305.94,-1.5,0.1,48.3943,36.6
Data1,1-Hold,66800,43.5,152.3,183.6,3293.84,-1.5,0.1,48.3943,36.6
Data1,1-Hold,67000,43.375,152,183.725,3285.52,-1.5,0.1,48.3943,36.6
Data1,1-Hold,67200,43.5,152.5,183.6,3290.82,-1.5,0.1,48.3943,36.6
Data1,1-Hold,67400,43.375,153.2,183.725,3309.72,-1.375,0.1,44.6135,36.6
Data1,1-Hold,67600,43.5,154.1,183.6,3339.21,-1.5,0.1,48.3943,36.6
Data1,1-Hold,67800,43.5,154.4,183.6,3351.31,-1.5,0.1,48.3943,36.6
Data1,1-Hold,68000,43.625,154.6,183.475,3356.6,-1.625,0.1,52.1751,36.6
Data1,1-Hold,68200,43.5,154,183.6,3345.26,-1.375,0.1,44.6135,36.6
Data1,1-Hold,68400,43.5,153.6,183.6,3333.16,-1.375,0.1,44.6135,36.6
Data1,1-Hold,68600,43.5,153.2,183.6,3321.06,-1.375,0.1,44.6135,36.6
Data1,1-Hold,68800,43.375,152.8,183.725,3315.77,-1.625,0.1,52.1751,36.6
Data1,1-Hold,69000,43.5,152.7,183.6,3305.94,-1.5,0.1,48.3943,36.6
Data1,1-Hold,69200,43.375,151.8,183.725,3288.55,-1.375,0.1,44.6135,36.6
Data1,1-Hold,69400,43.5,152.5,183.6,3287.79,-1.5,0.1,48.3943,36.6
Data1,1-Hold,69600,43.375,153.1,183.725,3309.72,-1.625,0.1,52.1751,36.6
Data1,1-Hold,69800,43.5,154,183.6,3345.26,-1.5,0.1,48.3943,36.6
Data1,1-Recover,70000,43.5,153.8,183.6,3336.18,-1.5,0.1,48.3943,36.6
Data1,1-Recover,70200,43.625,153.8,183.475,3332.4,-1.375,0.1,44.6135,36.6
Data1,1-Recover,70400,43.375,153.6,183.725,3342.99,-1.375,0.1,44.6135,36.6
Data1,1-Recover,70600,43.5,153.3,183.6,3324.09,-1.5,0.1,48.3943,36.6
Data1,1-Recover,70800,42.625,152.1,184.475,3326.35,-1.5,0.1,48.3943,36.6
Data1,1-Recover,71000,42.5,150.9,184.6,3287.79,-1.5,0.1,48.3943,36.6
Data1,1-Recover,71200,42.375,149.8,184.725,3264.35,-1.5,0.1,48.3943,36.6
Data1,1-Recover,71400,41.625,148.2,185.475,3241.66,-1.375,0.1,44.6135,36.6
Data1,1-Recover,71600,41.625,146.7,185.475,3190.25,-1.375,0.1,44.6135,36.6
Data1,1-Recover,71800,41.375,145,185.725,3152.44,-1.375,0.1,44.6135,36.6
Data1,1-Recover,72000,40.375,143.2,186.725,3125.22,-1.375,0.1,44.6135,36.6
Data1,1-Recover,72200,40.375,141.8,186.725,3082.87,-1.5,0.1,48.3943,36.6
Data1,1-Recover,72400,39.5,139.9,187.6,3054.89,-1.5,0.1,48.3943,36.6
Data1,1-Recover,72600,39.5,138.5,187.6,3009.52,-0.5,0.1,18.1479,36.6
Data1,1-Recover,72800,38.625,136.7,188.475,2984.57,-0.625,0.1,21.9287,36.6
Data1,1-Recover,73000,38.375,135.3,188.725,2946.76,-0.625,0.1,21.9287,36.6
Data1,1-Recover,73200,37.625,133.6,189.475,2921.05,-0.625,0.1,21.9287,36.6
Data1,1-Recover,73400,37.375,132.3,189.725,2886.27,-0.625,0.1,21.9287,36.6
Data1,1-Recover,73600,36.625,130.8,190.475,2863.58,-1.375,0.1,44.6135,36.6
Data1,1-Recover,73800,36.375,129.5,190.725,2831.83,-0.625,0.1,21.9287,36.6
Data1,1-Recover,74000,36.25,128.1,190.85,2793.26,-0.5,0.1,18.1479,36.6
Data1,1-Recover,74200,35.5,126.4,191.6,2764.53,-0.5,0.1,18.1479,36.6
Data1,1-Recover,74400,35.375,125,191.725,2728.99,-0.625,0.1,21.9287,36.6
Data1,1-Recover,74600,34.5,123.2,192.6,2704.03,-0.5,0.1,18.1479,36.6
Data1,1-Recover,74800,34.5,121.7,192.6,2652.61,-0.5,0.1,18.1479,36.6
Data1,1-Recover,75000,33.5,120.2,193.6,2634.47,-0.625,0.1,21.9287,36.6
Data1,1-Recover,75200,33.375,119,193.725,2601.95,-0.625,0.1,21.9287,36.6
Data1,1-Recover,75400,32.5,117.3,194.6,2583.05,-0.625,0.1,21.9287,36.6
Data1,1-Recover,75600,32.5,116.1,194.6,2540.7,-0.5,0.1,18.1479,36.6
Data1,1-Recover,75800,31.625,114.6,195.475,2524.82,-0.5,0.1,18.1479,36.6
Data1,1-Recover,76000,31.5,113.2,195.6,2483.23,-0.625,0.1,21.9287,36.6
Data1,1-Recover,76200,31.375,111.6,195.725,2444.67,-0.5,0.1,18.1479,36.6
Data1,1-Recover,76400,30.625,109.9,196.475,2412.91,-0.625,0.1,21.9287,36.6
Data1,1-Recover,76600,30.375,108.4,196.725,2375.1,-0.5,0.1,18.1479,36.6
Data1,1-Recover,76800,29.5,106.9,197.6,2353.17,-0.5,0.1,18.1479,36.6
Data1,1-Recover,77000,29.375,105.6,197.725,2320.66,-0.5,0.1,18.1479,36.6
Data1,1-Recover,77200,28.625,104,198.475,2297.97,-0.5,0.1,18.1479,36.6
Data1,1-Recover,77400,28.5,102.7,198.6,2259.41,-0.5,0.1,18.1479,36.6
Data1,1-Recover,77600,27.625,101.1,199.475,2240.51,-0.5,0.1,18.1479,36.6
Data1,1-Recover,77800,27.5,99.6,199.6,2195.89,-0.375,0.1,14.3671,36.6
Data1,1-Recover,78000,27.375,98,199.725,2154.3,-0.5,0.1,18.1479,36.6
Data1,1-Recover,78200,26.375,96.2,200.725,2127.08,-0.5,0.1,18.1479,36.6
Data1,1-Recover,78400,26.375,94.9,200.725,2084.74,-0.5,0.1,18.1479,36.6
Data1,1-Recover,78600,25.625,93.3,201.475,2059.03,-0.5,0.1,18.1479,36.6
Data1,1-Recover,78800,25.375,91.8,201.725,2027.27,-0.5,0.1,18.1479,36.5
Data1,1-Recover,79000,24.5,90.3,202.6,2002.32,-0.375,0.1,14.3671,36.5
Data1,1-Recover,79200,24.375,89,202.725,1969.8,-0.375,0.1,14.3671,36.5
Data1,1-Recover,79400,23.625,87.5,203.475,1950.14,-0.375,0.1,14.3671,36.5
Data1,1-Recover,79600,23.5,85.9,203.6,1902.5,-0.5,0.1,18.1479,36.5
Data1,1-Recover,79800,22.625,84.3,204.475,1880.57,-0.375,0.1,14.3671,36.5
Data1,1-Recover,80000,22.5,83.1,204.6,1848.06,-0.375,0.1,14.3671,36.5
Data1,1-Recover,80200,21.625,81.6,205.475,1832.18,-0.375,0.1,14.3671,36.5
Data1,1-Recover,80400,21.5,80.2,205.6,1790.59,-0.375,0.1,14.3671,36.5
Data1,1-Recover,80600,21.5,78.6,205.6,1742.2,0.375,0.1,-8.31778,36.5
Data1,1-Recover,80800,20.625,77,206.475,1720.27,-0.375,0.1,14.3671,36.5
Data1,1-Recover,81000,20.5,75.7,206.6,1684.73,-0.375,0.1,14.3671,36.5
Data1,1-Recover,81200,19.5,73.9,207.6,1666.58,0.5,0.1,-12.0986,36.5
Data1,1-Recover,81400,19.375,72.3,207.725,1615.92,-0.375,0.1,14.3671,36.5
Data1,1-Recover,81600,18.625,70.7,208.475,1593.23,-0.375,0.1,14.3671,36.5
Data1,1-Recover,81800,18.5,69.3,208.6,1548.62,0.5,0.1,-12.0986,36.5
Data1,1-Recover,82000,17.625,67.7,209.475,1532.74,-0.375,0.1,14.3671,36.5
Data1,1-Recover,82200,17.625,66.3,209.475,1484.35,-0.375,0.1,14.3671,36.5
Data1,1-Recover,82400,17.375,64.8,209.725,1449.56,0.375,0.1,-8.31778,36.5
Data1,1-Recover,82600,16.5,63,210.6,1424.61,0.375,0.1,-8.31778,36.5
Data1,1-Recover,82800,16.375,61.6,210.725,1383.02,0.375,0.1,-8.31778,36.5
Data1,1-Recover,83000,15.625,59.9,211.475,1357.31,0.375,0.1,-8.31778,36.5
Data1,1-Recover,83200,15.375,58.5,211.725,1319.5,-0.375,0.1,14.3671,36.5
Data1,1-Recover,83400,15.5,56.9,211.6,1267.33,0.5,0.1,-12.0986,36.5
Data1,1-Recover,83600,14.5,54.9,212.6,1240.1,0.5,0.1,-12.0986,36.5
Data1,1-Recover,83800,14.375,53.4,212.725,1198.52,0.375,0.1,-8.31778,36.5
Data1,1-Recover,84000,13.5,52,213.6,1179.61,0.375,0.1,-8.31778,36.5
Data1,1-Recover,84200,13.375,50.5,213.725,1141.05,0.375,0.1,-8.31778,36.4
Data1,1-Recover,84400,12.625,48.9,214.475,1109.29,0.375,0.1,-8.31778,36.4
Data1,1-Recover,84600,12.5,47.5,214.6,1073.75,0.375,0.1,-8.31778,36.4
Data1,1-Recover,84800,11.625,45.7,215.475,1048.8,0.375,0.1,-8.31778,36.4
Data1,1-Recover,85000,11.5,44.3,215.6,1007.21,0.5,0.1,-12.0986,36.4
Data1,1-Recover,85200,10.625,42.6,216.475,985.279,0.5,0.1,-12.0986,36.3
Data1,1-Recover,85400,10.5,41.4,216.6,946.714,0.375,0.1,-8.31778,36.3
Data1,1-Recover,85600,9.625,39.8,217.475,927.81,0.5,0.1,-12.0986,36.3
Data1,1-Recover,85800,9.5,38.4,217.6,886.221,0.375,0.1,-8.31778,36.3
Data1,1-Recover,86000,9.375,36.9,217.725,847.657,0.375,0.1,-8.31778,36.3
Data1,1-Recover,86200,8.5,35,218.6,822.704,0.375,0.1,-8.31778,36.2
Data1,1-Recover,86400,8.375,33.2,218.725,765.992,0.375,0.1,-8.31778,36.2
Data1,1-Recover,86600,7.625,31.8,219.475,740.282,0.5,0.1,-12.0986,36.2
Data1,1-Recover,86800,7.5,30.6,219.6,710.792,0.5,0.1,-12.0986,36.2
Data1,1-Recover,87000,6.5,28.9,220.6,695.669,0.5,0.1,-12.0986,36.2
Data1,1-Recover,87200,6.375,27.7,220.725,657.104,0.375,0.1,-8.31778,36.2
Data1,1-Recover,87400,6.375,26.2,220.725,614.759,0.5,0.1,-12.0986,36.1
Data1,1-Recover,87600,5.5,24.4,221.6,586.781,0.375,0.1,-8.31778,36.1
Data1,1-Recover,87800,4.625,22.9,222.475,570.902,0.375,0.1,-8.31778,36.1
Data1,1-Recover,88000,4.5,21.6,222.6,526.288,0.375,0.1,-8.31778,36.1
Data1,1-Recover,88200,4.375,20.2,222.725,493.773,0.375,0.1,-8.31778,36.1
Data1,1-Recover,88400,3.625,18.5,223.475,468.064,0.5,0.1,-12.0986,36
Data1,1-Recover,88600,3.375,17,223.725,430.256,0.5,0.1,-12.0986,36
Data1,1-Recover,88800,2.625,15.5,224.475,404.546,0.375,0.1,-8.31778,36
Data1,1-Recover,89000,2.375,13.9,224.725,363.714,0.5,0.1,-12.0986,36
Data1,1-Recover,89200,1.625,12.4,225.475,344.054,0.375,0.1,-8.31778,36
Data1,1-Recover,89400,1.375,11,225.725,303.221,0.625,0.1,-15.8794,36
Data1,1-Recover,89600,0.625,9.5,226.475,283.561,0.5,0.1,-12.0986,36
Data1,1-Recover,89800,0.5,8.3,226.6,244.996,0.625,0.1,-15.8794,36
Data1,1-Compress,90000,-0.375,6.7,227.475,213.994,0.375,0.1,-8.31778,36
Data1,1-Compress,90200,0.375,7.6,226.725,200.383,0.5,0.1,-12.0986,36
Data1,1-Compress,90400,0.625,9.4,226.475,244.24,0.5,0.1,-12.0986,36
Data1,1-Compress,90600,1.5,11.8,225.6,284.317,0.375,0.1,-8.31778,36
Data1,1-Compress,90800,2.375,14.3,224.725,333.467,0.375,0.1,-8.31778,36
Data1,1-Compress,91000,3.375,16.8,223.725,378.837,0.375,0.1,-8.31778,36
Data1,1-Compress,91200,3.625,19.5,223.475,455.965,0.375,0.1,-8.31778,36
Data1,1-Compress,91400,4.5,22.4,222.6,514.19,0.375,0.1,-8.31778,36
Data1,1-Compress,91600,5.625,25.4,221.475,564.853,0.375,0.1,-8.31778,36
Data1,1-Compress,91800,6.375,28.5,220.725,635.932,0.375,0.1,-8.31778,36
Data1,1-Compress,92000,7.375,31.4,219.725,696.425,0.375,0.1,-8.31778,36
Data1,1-Compress,92200,8.375,34.3,218.725,756.918,0.375,0.1,-8.31778,36
Data1,1-Compress,92400,9.5,37.4,217.6,813.63,0.375,0.1,-8.31778,36
Data1,1-Compress,92600,9.625,40.4,217.475,903.613,0.375,0.1,-8.31778,35.9
Data1,1-Compress,92800,10.5,43.6,216.6,970.911,-0.375,0.1,14.3671,35.9
Data1,1-Compress,93000,11.625,47,215.475,1033.67,0.375,0.1,-8.31778,35.9
Data1,1-Compress,93200,12.625,50.4,214.475,1106.26,0.375,0.1,-8.31778,35.9
Data1,1-Compress,93400,13.625,53.4,213.475,1172.81,0.375,0.1,-8.31778,35.9
Data1,1-Compress,93600,14.375,56.5,212.725,1240.86,0.375,0.1,-8.31778,35.9
Data1,1-Compress,93800,15.5,59.6,211.6,1303.62,0.375,0.1,-8.31778,35.9
Data1,1-Compress,94000,16.375,63,210.725,1376.97,0.375,0.1,-8.31778,35.9
Data1,1-Compress,94200,17.375,66.2,209.725,1443.51,0.375,0.1,-8.31778,35.9
Data1,1-Compress,94400,18.375,69.4,208.725,1513.08,0.375,0.1,-8.31778,35.9
Data1,1-Compress,94600,18.625,72.6,208.475,1602.31,-0.375,0.1,14.3671,35.8
Data1,1-Compress,94800,19.5,75.9,207.6,1672.63,-0.5,0.1,18.1479,35.8
Data1,1-Compress,95000,20.625,79.2,206.475,1738.42,-0.375,0.1,14.3671,35.8
Data1,1-Compress,95200,21.5,82.3,205.6,1808.74,-0.375,0.1,14.3671,35.8
Data1,1-Compress,95400,22.5,85.5,204.6,1869.23,-0.375,0.1,14.3671,35.8
Data1,1-Compress,95600,23.5,88.8,203.6,1941.82,-0.375,0.1,14.3671,35.8
Data1,1-Compress,95800,24.5,92.1,202.6,2011.39,-0.5,0.1,18.1479,35.8
Data1,1-Compress,96000,25.5,95.2,201.6,2074.91,-0.5,0.1,18.1479,35.8
Data1,1-Compress,96200,26.375,98.2,200.725,2139.18,-0.375,0.1,14.3671,35.8
Data1,1-Compress,96400,27.375,101.5,199.725,2208.75,-0.5,0.1,18.1479,35.8
Data1,1-Compress,96600,28.375,104.5,198.725,2272.27,-0.5,0.1,18.1479,35.8
Data1,1-Compress,96800,28.625,107.5,198.475,2355.44,-0.5,0.1,18.1479,35.7
Data1,1-Compress,97000,29.625,110.8,197.475,2425.01,-0.5,0.1,18.1479,35.7
Data1,1-Compress,97200,30.5,114.2,196.6,2492.31,-0.5,0.1,18.1479,35.7
Data1,1-Compress,97400,31.5,117.5,195.6,2564.9,-0.5,0.1,18.1479,35.7
Data1,1-Compress,97600,32.5,120.7,194.6,2634.47,-0.625,0.1,21.9287,35.7
Data1,1-Compress,97800,33.625,124,193.475,2700.25,-0.625,0.1,21.9287,35.7
Data1,1-Compress,98000,34.5,127,192.6,2767.55,-0.5,0.1,18.1479,35.7
Data1,1-Compress,98200,35.5,129.9,191.6,2825.02,-0.625,0.1,21.9287,35.7
Data1,1-Compress,98400,36.375,133,190.725,2892.32,-0.625,0.1,21.9287,35.7
Data1,1-Compress,98600,37.375,135.9,189.725,2949.79,-1.375,0.1,44.6135,35.7
Data1,1-Compress,98800,38.25,138.9,188.85,3014.06,-0.625,0.1,21.9287,35.7
Data1,1-Compress,99000,38.625,141.8,188.475,3090.43,-0.625,0.1,21.9287,35.7
Data1,1-Compress,99200,39.625,145,187.475,3156.97,-1.375,0.1,44.6135,35.7
Data1,1-Compress,99400,40.5,147.9,186.6,3221.25,-1.375,0.1,44.6135,35.7
Data1,1-Compress,99600,41.5,151,185.6,3278.72,-1.375,0.1,44.6135,35.7
Data1,1-Compress,99800,42.5,154.2,184.6,3348.28,-1.5,0.1,48.3943,35.7
Data1,1-Compress,100000,43.375,157.3,183.725,3412.56,-1.5,0.1,48.3943,35.7
Data1,1-Compress,100200,44.375,160.2,182.725,3473.05,-1.375,0.1,44.6135,35.7
Data1,1-Compress,100400,44.625,163.3,182.475,3559.25,-1.375,0.1,44.6135,35.7
Data1,1-Compress,100600,45.625,166.4,181.475,3622.77,-1.625,0.1,52.1751,35.7
Data1,1-Compress,100800,46.625,169.5,180.475,3686.29,-1.5,0.1,48.3943,35.7
Data1,1-Compress,101000,47.5,172.6,179.6,3753.59,-1.5,0.1,48.3943,35.7
Data1,1-Compress,101200,48.625,175.7,178.475,3813.32,-1.5,0.1,48.3943,35.7
Data1,1-Compress,101400,49.5,178.8,177.6,3877.6,-1.625,0.1,52.1751,35.7
Data1,1-Compress,101600,50.375,181.9,176.725,3944.89,-1.625,0.1,52.1751,35.7
Data1,1-Compress,101800,51.375,185,175.725,4008.41,-1.625,0.1,52.1751,35.7
Data1,1-Compress,102000,52.375,188,174.725,4071.93,-1.5,0.1,48.3943,35.7
Data1,1-Compress,102200,53.375,191.1,173.725,4135.45,-1.5,0.1,48.3943,35.7
Data1,1-Compress,102400,53.625,194.2,173.475,4221.65,-1.625,0.1,52.1751,35.7
Data1,1-Compress,102600,54.625,197.4,172.475,4285.17,-1.625,0.1,52.1751,35.7
Data1,1-Compress,102800,55.625,200.5,171.475,4351.71,-1.625,0.1,52.1751,35.7
Data1,1-Compress,103000,56.625,203.6,170.475,4415.23,-1.625,0.1,52.1751,35.7
Data1,1-Compress,103200,57.625,206.8,169.475,4478.74,-1.625,0.1,52.1751,35.7
Data1,1-Compress,103400,58.5,209.7,168.6,4539.99,-1.625,0.1,52.1751,35.7
Data1,1-Compress,103600,59.375,212.7,167.725,4607.29,-1.625,0.1,52.1751,35.7
Data1,1-Compress,103800,60.5,215.7,166.6,4664,-1.625,0.1,52.1751,35.7
Data1,1-Compress,104000,60.625,218.8,166.475,4753.99,-2.375,0.1,74.86,35.7
Data1,1-Compress,104200,61.625,222.2,165.475,4823.55,-2.375,0.1,74.86,35.8
Data1,1-Compress,104400,62.5,225.4,164.6,4896.9,-2.375,0.1,74.86,35.8
Data1,1-Compress,104600,63.5,228.5,163.6,4954.37,-2.375,0.1,74.86,35.8
Data1,1-Compress,104800,64.5,231.9,162.6,5026.96,-2.375,0.1,74.86,35.8
Data1,1-Compress,105000,65.5,235.2,161.6,5099.55,-2.375,0.1,74.86,35.8
Data1,1-Compress,105200,66.5,238.4,160.6,5166.1,-2.375,0.1,74.86,35.9
Data1,1-Compress,105400,67.375,241.7,159.725,5239.44,-2.375,0.1,74.86,35.9
Data1,1-Compress,105600,67.625,244.9,159.475,5340.77,-2.375,0.1,74.86,35.9
Data1,1-Compress,105800,68.625,248.4,158.475,5404.29,-2.625,0.1,82.4216,35.9
Data1,1-Compress,106000,69.625,251.8,157.475,5476.88,-2.5,0.1,78.6408,35.9
Data1,1-Compress,106200,70.625,255,156.475,5543.42,-2.5,0.1,78.6408,35.9
Data1,1-Compress,106400,71.625,258.3,155.475,5612.99,-2.5,0.1,78.6408,35.9
Data1,1-Compress,106600,72.375,261.7,154.725,5690.12,-2.375,0.1,74.86,35.9
Data1,1-Compress,106800,73.5,265,153.6,5758.93,-2.625,0.1,82.4216,35.9
Data1,1-Compress,107000,74.375,268.1,152.725,5826.22,-2.625,0.1,82.4216,35.9
Data1,1-Compress,107200,75.375,271.3,151.725,5892.77,-2.625,0.1,82.4216,35.9
Data1,1-Compress,107400,75.625,274.6,151.475,5985.02,-2.625,0.1,82.4216,36
Data1,1-Compress,107600,76.5,278,150.6,6061.39,-2.5,0.1,78.6408,36
Data1,1-Compress,107800,77.5,281.7,149.6,6137.01,-2.625,0.1,82.4216,36
Data1,1-Compress,108000,78.375,285.4,148.725,6222.45,-2.625,0.1,82.4216,36
Data1,1-Compress,108200,79.5,289.2,147.6,6303.36,-2.625,0.1,82.4216,36
Data1,1-Compress,108400,80.375,292.7,146.725,6382.76,-2.5,0.1,78.6408,36
Data1,1-Compress,108600,81.375,296.5,145.725,6467.45,-2.625,0.1,82.4216,36
Data1,1-Compress,108800,82.375,300,144.725,6549.12,-2.625,0.1,82.4216,36
Data1,1-Compress,109000,82.5,303.2,144.6,6639.1,-3.375,0.1,105.106,36
Data1,1-Compress,109200,83.5,307,143.6,6720.76,-2.625,0.1,82.4216,36
Data1,1-Compress,109400,84.375,310.4,142.725,6800.16,-3.375,0.1,105.106,36
Data1,1-Compress,109600,85.5,314.4,141.6,6881.07,-2.5,0.1,78.6408,36
Data1,1-Compress,109800,86.5,318.4,140.6,6971.81,-2.5,0.1,78.6408,36
Data1,1-Hold,110000,87.5,322.5,139.6,7107.92,-3.375,0.1,105.106,36
Data1,1-Hold,110200,87.5,322.7,139.6,7120.02,-3.375,0.1,105.106,36
Data1,1-Hold,110400,87.625,322.3,139.475,7107.16,-3.5,0.1,108.887,36
Data1,1-Hold,110600,87.5,321.9,139.6,7092.8,-2.5,0.1,78.6408,36
Data1,1-Hold,110800,87.5,321.5,139.6,7080.7,-2.5,0.1,78.6408,36
Data1,1-Hold,111000,87.5,321.1,139.6,7071.62,-2.5,0.1,78.6408,36
Data1,1-Hold,111200,87.5,320.8,139.6,7059.52,-2.5,0.1,78.6408,36
Data1,1-Hold,111400,87.375,320.3,139.725,7051.21,-3.375,0.1,105.106,36
Data1,1-Hold,111600,87.5,320.5,139.6,7041.38,-2.5,0.1,78.6408,36
Data1,1-Hold,111800,87.5,320.6,139.6,7047.43,-2.5,0.1,78.6408,36
Data1,1-Hold,112000,87.5,320.8,139.6,7050.45,-3.375,0.1,105.106,36
Data1,1-Hold,112200,87.5,321.2,139.6,7065.57,-2.5,0.1,78.6408,36
Data1,1-Hold,112400,87.5,321.7,139.6,7074.65,-3.5,0.1,108.887,36
Data1,1-Hold,112600,87.5,322.4,139.6,7101.87,-3.375,0.1,105.106,36.1
Data1,1-Hold,112800,87.625,322.5,139.475,7110.19,-3.375,0.1,105.106,36.1
Data1,1-Hold,113000,87.5,322.2,139.6,7101.87,-2.5,0.1,78.6408,36.1
Data1,1-Hold,113200,87.5,321.8,139.6,7089.77,-3.375,0.1,105.106,36.1
Data1,1-Hold,113400,87.5,321.5,139.6,7080.7,-3.375,0.1,105.106,36.1
Data1,1-Hold,113600,87.625,321.2,139.475,7064.82,-3.5,0.1,108.887,36.1
Data1,1-Hold,113800,87.5,320.8,139.6,7062.55,-3.375,0.1,105.106,36.1
Data1,1-Hold,114000,87.375,320.4,139.725,7054.23,-3.375,0.1,105.106,36.1
Data1,1-Hold,114200,87.375,320.3,139.725,7048.18,-3.375,0.1,105.106,36.1
Data1,1-Hold,114400,87.375,319.9,139.725,7036.08,-3.5,0.1,108.887,36.1
Data1,1-Hold,114600,87.375,319.8,139.725,7033.06,-3.375,0.1,105.106,36.1
Data1,1-Hold,114800,87.5,320.3,139.6,7032.3,-3.375,0.1,105.106,36.1
Data1,1-Recover,115000,87.625,320.5,139.475,7043.64,-3.375,0.1,105.106,36.1
Data1,1-Recover,115200,87.625,321.5,139.475,7064.82,-3.375,0.1,105.106,36.1
Data1,1-Recover,115400,87.5,321.2,139.6,7071.62,-2.625,0.1,82.4216,36.1
Data1,1-Recover,115600,87.5,319.4,139.6,7035.33,-3.375,0.1,105.106,36.1
Data1,1-Recover,115800,86.625,316.6,140.475,6983.15,-3.375,0.1,105.106,36.2
Data1,1-Recover,116000,85.625,313.6,141.475,6928.71,-2.625,0.1,82.4216,36.2
Data1,1-Recover,116200,85.375,310.2,141.725,6833.43,-2.625,0.1,82.4216,36.2
Data1,1-Recover,116400,84.375,306.6,142.725,6757.82,-2.625,0.1,82.4216,36.2
Data1,1-Recover,116600,83.375,302.9,143.725,6679.18,-2.5,0.1,78.6408,36.2
Data1,1-Recover,116800,82.5,299.2,144.6,6593.73,-2.625,0.1,82.4216,36.2
Data1,1-Recover,117000,81.625,295.4,145.475,6505.26,-2.5,0.1,78.6408,36.2
Data1,1-Recover,117200,80.375,291.7,146.725,6431.15,-2.625,0.1,82.4216,36.2
Data1,1-Recover,117400,79.5,288,147.6,6342.68,-2.625,0.1,82.4216,36.2
Data1,1-Recover,117600,78.625,284.6,148.475,6266.31,-2.375,0.1,74.86,36.2
Data1,1-Recover,117800,77.625,280.9,149.475,6184.65,-2.5,0.1,78.6408,36.2
Data1,1-Recover,118000,77.375,277.3,149.725,6083.32,-2.375,0.1,74.86,36.2
Data1,1-Recover,118200,75.625,273.6,151.475,6024.34,-2.625,0.1,82.4216,36.2
Data1,1-Recover,118400,75.375,270.2,151.725,5926.04,-2.375,0.1,74.86,36.2
Data1,1-Recover,118600,74.375,266.5,152.725,5844.37,-2.5,0.1,78.6408,36.2
Data1,1-Recover,118800,73.375,262.9,153.725,5768.76,-2.5,0.1,78.6408,36.2
Data1,1-Recover,119000,72.5,259.5,154.6,5689.36,-2.375,0.1,74.86,36.2
Data1,1-Recover,119200,71.5,255.9,155.6,5610.72,-2.375,0.1,74.86,36.2
Data1,1-Recover,119400,70.375,252.3,156.725,5541.91,-2.375,0.1,74.86,36.2
Data1,1-Recover,119600,69.375,248.9,157.725,5463.27,-2.375,0.1,74.86,36.2
Data1,1-Recover,119800,68.5,245.6,158.6,5389.92,-2.5,0.1,78.6408,36.2
Data1,1-Recover,120000,67.625,242.3,159.475,5316.57,-2.375,0.1,74.86,36.2
Data1,1-Recover,120200,66.5,239,160.6,5250.79,-2.375,0.1,74.86,36.2
Data1,1-Recover,120400,65.5,235.6,161.6,5181.22,-2.375,0.1,74.86,36.2
Data1,1-Recover,120600,64.625,232.3,162.475,5104.85,-1.625,0.1,52.1751,36.2
Data1,1-Recover,120800,64.375,229.3,162.725,5021.67,-1.625,0.1,52.1751,36.2
Data1,1-Recover,121000,63.375,225.8,163.725,4949.08,-1.625,0.1,52.1751,36.2
Data1,1-Recover,121200,62.375,222.5,164.725,4873.46,-1.5,0.1,51.419,36.2
Data1,1-Recover,121400,61.375,219.2,165.725,4806.92,-1.5,0.1,48.3943,36.2
Data1,1-Recover,121600,60.375,216.1,166.725,4740.38,-1.5,0.1,48.3943,36.2
Data1,1-Recover,121800,59.375,213,167.725,4676.86,-1.375,0.1,44.6135,36.2
Data1,1-Recover,122000,58.375,210,168.725,4616.37,-1.625,0.1,52.1751,36.3
Data1,1-Recover,122200,57.625,206.9,169.475,4551.34,-1.375,0.1,44.6135,36.3
Data1,1-Recover,122400,56.5,203.8,170.6,4488.57,-1.5,0.1,48.3943,36.3
Data1,1-Recover,122600,55.5,200.7,171.6,4422.03,-1.5,0.1,48.3943,36.3
Data1,1-Recover,122800,54.625,197.8,172.475,4360.78,-1.375,0.1,44.6135,36.3
Data1,1-Recover,123000,53.625,194.6,173.475,4297.27,-1.5,0.1,48.3943,36.3
Data1,1-Recover,123200,52.625,191.5,174.475,4230.72,-1.5,0.1,48.3943,36.3
Data1,1-Recover,123400,52.375,188.6,174.725,4147.55,-1.375,0.1,44.6135,36.3
Data1,1-Recover,123600,51.5,185.4,175.6,4077.22,-1.375,0.1,44.6135,36.3
Data1,1-Recover,123800,50.375,182.2,176.725,4017.49,-1.375,0.1,44.6135,36.3
Data1,1-Recover,124000,49.5,179.2,177.6,3953.21,-1.375,0.1,44.6135,36.3
Data1,1-Recover,124200,48.5,176.1,178.6,3889.7,-1.375,0.1,44.6135,36.3
Data1,1-Recover,124400,47.5,173.2,179.6,3829.2,-1.375,0.1,44.6135,36.3
Data1,1-Recover,124600,46.625,170.3,180.475,3770.98,-1.375,0.1,44.6135,36.3
Data1,1-Recover,124800,45.625,167.4,181.475,3713.51,-1.375,0.1,44.6135,36.3
Data1,1-Recover,125000,44.5,164.5,182.6,3659.82,-1.5,0.1,48.3943,36.3
Data1,1-Recover,125200,44.375,161.6,182.725,3572.86,-0.625,0.1,21.9287,36.3
Data1,1-Recover,125400,43.375,158.3,183.725,3506.32,-0.625,0.1,21.9287,36.3
Data1,1-Recover,125600,42.375,155.2,184.725,3442.8,-0.625,0.1,21.9287,36.3
Data1,1-Recover,125800,41.375,152.2,185.725,3382.31,-0.625,0.1,21.9287,36.3
Data1,1-Recover,126000,40.375,149,186.725,3318.79,-0.625,0.1,21.9287,36.3
Data1,1-Recover,126200,39.5,146.2,187.6,3254.52,-0.625,0.1,21.9287,36.3
Data1,1-Recover,126400,38.5,143.2,188.6,3200.08,-0.625,0.1,21.9287,36.3
Data1,1-Recover,126600,37.5,140.4,189.6,3139.58,-0.5,0.1,18.1479,36.3
Data1,1-Recover,126800,36.625,137.5,190.475,3081.36,-0.625,0.1,21.9287,36.3
Data1,1-Recover,127000,35.625,134.5,191.475,3020.87,-0.5,0.1,18.1479,36.3
Data1,1-Recover,127200,35.375,131.7,191.725,2940.71,-0.5,0.1,18.1479,36.3
Data1,1-Recover,127400,34.375,128.5,192.725,2880.22,-0.5,0.1,18.1479,36.3
Data1,1-Recover,127600,33.5,125.7,193.6,2815.95,-0.375,0.1,14.3671,36.3
Data1,1-Recover,127800,32.5,122.5,194.6,2755.45,-0.5,0.1,18.1479,36.3
Data1,1-Recover,128000,31.625,119.5,195.475,2688.15,-0.375,0.1,14.3671,36.3
Data1,1-Recover,128200,30.5,116.7,196.6,2631.44,-0.375,0.1,14.3671,36.3
Data1,1-Recover,128400,29.625,113.8,197.475,2579.27,-0.375,0.1,14.3671,36.3
Data1,1-Recover,128600,28.625,110.8,198.475,2512.72,-0.5,0.1,18.1479,36.3
Data1,1-Recover,128800,27.5,107.9,199.6,2462.06,-0.375,0.1,14.3671,36.3
Data1,1-Recover,129000,27.25,105.1,199.85,2381.91,-0.375,0.1,14.3671,36.3
Data1,1-Recover,129200,26.375,102,200.725,2317.64,-0.375,0.1,14.3671,36.3
Data1,1-Recover,129400,25.5,98.8,201.6,2250.34,-0.375,0.1,14.3671,36.4
Data1,1-Recover,129600,24.5,95.8,202.6,2183.79,0.375,0.1,-8.31778,36.4
Data1,1-Recover,129800,23.5,92.8,203.6,2126.33,0.25,0.1,-4.53697,36.4
Data1,1-Recover,130000,22.5,89.7,204.6,2065.83,0.375,0.1,-8.31778,36.4
Data1,1-Recover,130200,21.5,86.8,205.6,2008.37,-0.375,0.1,14.3671,36.4
Data1,1-Recover,130400,21.375,84,205.725,1924.43,0.375,0.2,-8.31778,36.4
Data1,1-Recover,130600,19.625,80.6,207.475,1874.52,0.375,0.1,-8.31778,36.4
Data1,1-Recover,130800,19.375,77.5,207.725,1791.35,0.375,0.1,-8.31778,36.4
Data1,1-Recover,131000,18.375,74.3,208.725,1721.78,0.375,0.1,-8.31778,36.4
Data1,1-Recover,131200,17.375,71.2,209.725,1658.26,0.375,0.1,-8.31778,36.4
Data1,1-Recover,131400,16.5,68.3,210.6,1593.99,0.375,0.1,-5.29313,36.4
Data1,1-Recover,131600,15.5,65.2,211.6,1536.52,0.375,0.1,-8.31778,36.4
Data1,1-Recover,131800,14.625,62.1,212.475,1466.2,0.5,0.2,-9.07394,36.4
Data1,1-Recover,132000,13.625,58.7,213.475,1396.63,0.5,0.1,-12.0986,36.4
Data1,1-Recover,132200,12.5,55.5,214.6,1333.87,0.375,0.1,-8.31778,36.4
Data1,1-Recover,132400,11.625,52.6,215.475,1269.6,0.375,0.1,-8.31778,36.4
Data1,1-Recover,132600,10.75,49.5,216.35,1202.3,0.375,0.1,-8.31778,36.4
Data1,1-Recover,132800,10.375,46.5,216.725,1122.9,0.5,0.2,-12.0986,36.4
Data1,1-Recover,133000,9.5,43.5,217.6,1058.63,0.5,0.1,-12.0986,36.4
Data1,1-Recover,133200,8.5,40.4,218.6,995.109,0.375,0.2,-5.29313,36.4
Data1,1-Recover,133400,7.5,37.3,219.6,934.616,0.5,0.1,-12.0986,36.4
Data1,1-Recover,133600,6.5,34.2,220.6,871.098,0.625,0.1,-15.8794,36.4
Data1,1-Recover,133800,5.625,31.3,221.475,803.8,0.5,0.1,-12.0986,36.4
Data1,1-Recover,134000,4.625,28.3,222.475,746.331,0.5,0.1,-9.07394,36.4
Data1,1-Recover,134200,3.625,25.5,223.475,691.888,0.5,0.1,-12.0986,36.4
Data1,1-Recover,134400,3.375,22.6,223.725,608.71,0.625,0.1,-12.8547,36.4
Data1,1-Recover,134600,2.375,19.4,224.725,548.217,0.625,0.1,-15.8794,36.4
Data1,1-Recover,134800,1.375,16.3,225.725,481.675,0.625,0.2,-15.8794,36.4
Data1,1-End,135000,0.375,13,226.725,421.182,0.625,0.2,-15.8794,36.4
